<?xml version="1.0" ?>
<BookList>
<Book ISBN="1590595696">
    <Title>Foundation PHP for Dreamweaver 8</Title>
    <Authors>
      <Author>David Powers</Author>
    </Authors>
    <Publisher>friends of ED</Publisher>
    <ListPrice>34.99</ListPrice>
  </Book>
  <Book ISBN="1590595688">
    <Title>Foundation ASP for Dreamweaver 8</Title>
    <Authors>
      <Author>Omar Elbaga</Author>
      <Author>Rob Turnbull</Author>
    </Authors>
    <Publisher>friends of ED</Publisher>
    <ListPrice>34.99</ListPrice>
  </Book>
  <Book ISBN="159059567X">
    <Title>Foundation Web Design with Dreamweaver 8</Title>
    <Authors>
      <Author>Craig Grannell</Author>
    </Authors>
    <Publisher>friends of ED</Publisher>
    <ListPrice>34.99</ListPrice>
  </Book>
  <Book ISBN="1590595815">
    <Title>Blog Design Solutions</Title>
    <Authors>
      <Author>Andy Budd</Author>
      <Author>Simon Collison</Author>
	  <Author>Chris J Davis</Author>
      <Author>Michael Heilemann</Author>
      <Author>John Oxton</Author>
      <Author>David Powers</Author>
	  <Author>Richard Rutter</Author>
	  <Author>Phil Sherry</Author>
    </Authors>
    <Publisher>friends of ED</Publisher>
    <ListPrice>34.99</ListPrice>
  </Book>
  <Book ISBN="1590595327">
    <Title>Flash 8 Essentials</Title>
    <Authors>
	  <Author>Paul Barnes-Hoggett</Author>
      <Author>Peter Hall</Author>
	  <Author>Johannes Nel</Author>
	  <Author>Glen Rhodes</Author>
	  <Author>Craig Swann</Author>
	  <Author>Tink</Author>
	  <Author>Matt Voerman</Author>
	  <Author>Todd Yard</Author>
    </Authors>
    <Publisher>friends of ED</Publisher>
    <ListPrice>39.99</ListPrice>
  </Book>
  <Book ISBN="1590595424">
    <Title>Foundation Flash 8</Title>
    <Authors>
      <Author>Sham Bhangal</Author>
    </Authors>
    <Publisher>friends of ED</Publisher>
    <ListPrice>34.99</ListPrice>
  </Book>
  <Book ISBN="1590593243">
    <Title>Beginning XSLT 2.0: From Novice to Professional</Title>
    <Authors>
      <Author>Jeni Tennison</Author>
    </Authors>
    <Publisher>Apress</Publisher>
    <ListPrice>49.99</ListPrice>
  </Book>
  <Book ISBN="1590595084">
    <Title>Pro PHP Security</Title>
    <Authors>
      <Author>Chris Snyder</Author>
	  <Author>Michael Southwell</Author>
    </Authors>
    <Publisher>Apress</Publisher>
    <ListPrice>44.99</ListPrice>
  </Book>
  <Book ISBN="1590595351">
    <Title>The Definitive Guide to MySQL 5, Third Edition</Title>
    <Authors>
      <Author>Michael Kofler</Author>
    </Authors>
    <Publisher>Apress</Publisher>
    <ListPrice>49.99</ListPrice>
  </Book>
  <Book ISBN="1590595521">
    <Title>Beginning PHP 5 and MySQL: From Novice to Professional, 2nd Ed</Title>
    <Authors>
      <Author>W Jason Gilmore</Author>
    </Authors>
    <Publisher>Apress</Publisher>
    <ListPrice>44.99</ListPrice>
  </Book>
</BookList>
